<?xml version="1.0" encoding="UTF-8"?>
<configurationDescriptor version="100">
  <logicalFolder name="root" displayName="root" projectFiles="true" kind="ROOT">
    <logicalFolder name="resources" displayName="resources" projectFiles="true">
      <logicalFolder name="shaders" displayName="shaders" projectFiles="true">
        <itemPath>dist/Debug/MinGW-Windows/resources/shaders/fshader.glsl</itemPath>
        <itemPath>dist/Debug/MinGW-Windows/resources/shaders/vshader.glsl</itemPath>
      </logicalFolder>
      <logicalFolder name="textures" displayName="textures" projectFiles="true">
        <itemPath>dist/Debug/MinGW-Windows/resources/textures/img1.png</itemPath>
        <itemPath>dist/Debug/MinGW-Windows/resources/textures/img2.png</itemPath>
        <itemPath>dist/Debug/MinGW-Windows/resources/textures/img3.png</itemPath>
        <itemPath>dist/Debug/MinGW-Windows/resources/textures/img4.png</itemPath>
        <itemPath>dist/Debug/MinGW-Windows/resources/textures/img5.png</itemPath>
        <itemPath>dist/Debug/MinGW-Windows/resources/textures/img6.png</itemPath>
        <itemPath>dist/Debug/MinGW-Windows/resources/textures/img7.png</itemPath>
      </logicalFolder>
    </logicalFolder>
    <logicalFolder name="src" displayName="src" projectFiles="true">
      <itemPath>src/Model.cpp</itemPath>
      <itemPath>src/Model.h</itemPath>
      <itemPath>src/Shaders.cpp</itemPath>
      <itemPath>src/Shaders.h</itemPath>
      <itemPath>src/Texture.cpp</itemPath>
      <itemPath>src/Texture.h</itemPath>
      <itemPath>src/main.cpp</itemPath>
    </logicalFolder>
    <logicalFolder name="TestFiles"
                   displayName="Test Files"
                   projectFiles="false"
                   kind="TEST_LOGICAL_FOLDER">
    </logicalFolder>
    <logicalFolder name="ExternalFiles"
                   displayName="Important Files"
                   projectFiles="false"
                   kind="IMPORTANT_FILES_FOLDER">
      <itemPath>Makefile</itemPath>
    </logicalFolder>
  </logicalFolder>
  <sourceRootList>
    <Elem>resources</Elem>
    <Elem>src</Elem>
    <Elem>dist/Debug/MinGW-Windows/resources</Elem>
  </sourceRootList>
  <projectmakefile>Makefile</projectmakefile>
  <confs>
    <conf name="Debug" type="1">
      <toolsSet>
        <compilerSet>default</compilerSet>
        <dependencyChecking>true</dependencyChecking>
        <rebuildPropChanged>false</rebuildPropChanged>
      </toolsSet>
      <compileType>
        <ccTool>
          <standard>8</standard>
          <incDir>
            <pElem>../libraries/includes</pElem>
          </incDir>
        </ccTool>
        <linkerTool>
          <linkerAddLib>
            <pElem>../libraries/libs</pElem>
          </linkerAddLib>
          <commandLine>-lopengl32 -lglu32 -lglew32 -lfreeglut -lassimp -lfreeimage</commandLine>
        </linkerTool>
      </compileType>
      <item path="dist/Debug/MinGW-Windows/resources/shaders/fshader.glsl"
            ex="false"
            tool="3"
            flavor2="0">
      </item>
      <item path="dist/Debug/MinGW-Windows/resources/shaders/vshader.glsl"
            ex="false"
            tool="3"
            flavor2="0">
      </item>
      <item path="dist/Debug/MinGW-Windows/resources/textures/img1.png"
            ex="false"
            tool="3"
            flavor2="0">
      </item>
      <item path="dist/Debug/MinGW-Windows/resources/textures/img2.png"
            ex="false"
            tool="3"
            flavor2="0">
      </item>
      <item path="dist/Debug/MinGW-Windows/resources/textures/img3.png"
            ex="false"
            tool="3"
            flavor2="0">
      </item>
      <item path="dist/Debug/MinGW-Windows/resources/textures/img4.png"
            ex="false"
            tool="3"
            flavor2="0">
      </item>
      <item path="dist/Debug/MinGW-Windows/resources/textures/img5.png"
            ex="false"
            tool="3"
            flavor2="0">
      </item>
      <item path="dist/Debug/MinGW-Windows/resources/textures/img6.png"
            ex="false"
            tool="3"
            flavor2="0">
      </item>
      <item path="dist/Debug/MinGW-Windows/resources/textures/img7.png"
            ex="false"
            tool="3"
            flavor2="0">
      </item>
      <item path="src/Model.cpp" ex="false" tool="1" flavor2="0">
      </item>
      <item path="src/Model.h" ex="false" tool="3" flavor2="0">
      </item>
      <item path="src/Shaders.cpp" ex="false" tool="1" flavor2="0">
      </item>
      <item path="src/Shaders.h" ex="false" tool="3" flavor2="0">
      </item>
      <item path="src/Texture.cpp" ex="false" tool="1" flavor2="0">
      </item>
      <item path="src/Texture.h" ex="false" tool="3" flavor2="0">
      </item>
      <item path="src/main.cpp" ex="false" tool="1" flavor2="0">
      </item>
    </conf>
    <conf name="Release" type="1">
      <toolsSet>
        <compilerSet>default</compilerSet>
        <dependencyChecking>true</dependencyChecking>
        <rebuildPropChanged>false</rebuildPropChanged>
      </toolsSet>
      <compileType>
        <cTool>
          <developmentMode>5</developmentMode>
        </cTool>
        <ccTool>
          <developmentMode>5</developmentMode>
        </ccTool>
        <fortranCompilerTool>
          <developmentMode>5</developmentMode>
        </fortranCompilerTool>
        <asmTool>
          <developmentMode>5</developmentMode>
        </asmTool>
      </compileType>
      <item path="dist/Debug/MinGW-Windows/resources/shaders/fshader.glsl"
            ex="false"
            tool="3"
            flavor2="0">
      </item>
      <item path="dist/Debug/MinGW-Windows/resources/shaders/vshader.glsl"
            ex="false"
            tool="3"
            flavor2="0">
      </item>
      <item path="dist/Debug/MinGW-Windows/resources/textures/img1.png"
            ex="false"
            tool="3"
            flavor2="0">
      </item>
      <item path="dist/Debug/MinGW-Windows/resources/textures/img2.png"
            ex="false"
            tool="3"
            flavor2="0">
      </item>
      <item path="dist/Debug/MinGW-Windows/resources/textures/img3.png"
            ex="false"
            tool="3"
            flavor2="0">
      </item>
      <item path="dist/Debug/MinGW-Windows/resources/textures/img4.png"
            ex="false"
            tool="3"
            flavor2="0">
      </item>
      <item path="dist/Debug/MinGW-Windows/resources/textures/img5.png"
            ex="false"
            tool="3"
            flavor2="0">
      </item>
      <item path="dist/Debug/MinGW-Windows/resources/textures/img6.png"
            ex="false"
            tool="3"
            flavor2="0">
      </item>
      <item path="dist/Debug/MinGW-Windows/resources/textures/img7.png"
            ex="false"
            tool="3"
            flavor2="0">
      </item>
      <item path="src/Model.cpp" ex="false" tool="1" flavor2="0">
      </item>
      <item path="src/Model.h" ex="false" tool="3" flavor2="0">
      </item>
      <item path="src/Shaders.cpp" ex="false" tool="1" flavor2="0">
      </item>
      <item path="src/Shaders.h" ex="false" tool="3" flavor2="0">
      </item>
      <item path="src/Texture.cpp" ex="false" tool="1" flavor2="0">
      </item>
      <item path="src/Texture.h" ex="false" tool="3" flavor2="0">
      </item>
      <item path="src/main.cpp" ex="false" tool="1" flavor2="0">
      </item>
    </conf>
  </confs>
</configurationDescriptor>
